epoch,time,train/box_loss,train/cls_loss,train/dfl_loss,metrics/precision(B),metrics/recall(B),metrics/mAP50(B),metrics/mAP50-95(B),val/box_loss,val/cls_loss,val/dfl_loss,lr/pg0,lr/pg1,lr/pg2
1,96.6844,3.12656,3.16085,2.53959,0.11371,0.06319,0.07239,0.03119,2.92025,4.35227,2.61753,0.00595556,0.00595556,0.00595556
2,197.046,2.32902,2.21278,1.71402,0.04785,0.00428,0.02491,0.0082,nan,nan,nan,0.0119549,0.0119549,0.0119549
3,297.424,2.17026,1.94314,1.6226,0.34324,0.23603,0.26423,0.11912,2.2562,2.02613,1.66081,0.0179516,0.0179516,0.0179516
4,396.312,2.09618,1.83353,1.58715,0.14427,0.092,0.08986,0.03805,nan,nan,nan,0.0239436,0.0239436,0.0239436
5,496.323,2.05003,1.77223,1.56516,0.59266,0.24436,0.34514,0.16702,2.04927,2.28769,1.60741,0.029929,0.029929,0.029929
6,594.57,2.0428,1.74581,1.56415,0.19819,0.14825,0.13001,0.04092,2.83991,3.23651,1.99612,0.0299584,0.0299584,0.0299584
7,691.895,2.01963,1.703,1.55334,0.20851,0.15569,0.15789,0.05967,2.90714,2.42907,2.16732,0.0299401,0.0299401,0.0299401
8,790.414,1.94916,1.60914,1.50266,0.48162,0.36416,0.42251,0.21299,1.92089,1.52314,1.48228,0.0299185,0.0299185,0.0299185
9,887.343,1.92023,1.56932,1.49005,0.4341,0.40963,0.42821,0.21483,1.92617,1.60742,1.50514,0.0298935,0.0298935,0.0298935
10,985.603,1.90456,1.54064,1.47894,0.49104,0.37016,0.42587,0.21292,1.90851,1.58523,1.46382,0.0298653,0.0298653,0.0298653
11,1082.15,1.87951,1.51152,1.46115,0.47232,0.46434,0.48477,0.25792,1.76875,1.38129,1.41302,0.0298338,0.0298338,0.0298338
12,1179.83,1.87871,1.49356,1.45966,0.39392,0.28464,0.33216,0.1396,2.42163,1.68635,1.72157,0.029799,0.029799,0.029799
13,1277.85,1.86161,1.49038,1.45322,0.4896,0.4346,0.47184,0.24296,1.80815,1.51503,1.43097,0.0297609,0.0297609,0.0297609
14,1374.51,1.85139,1.46679,1.44731,0.51972,0.29229,0.40706,0.20944,1.97313,1.49973,1.47816,0.0297195,0.0297195,0.0297195
15,1510.94,1.84451,1.44389,1.43588,0.44469,0.41186,0.42806,0.20817,1.90997,1.50753,1.44911,0.0296749,0.0296749,0.0296749
16,1683.05,1.83167,1.43023,1.42781,0.54911,0.29942,0.42177,0.17326,2.14879,1.62975,1.53503,0.029627,0.029627,0.029627
17,1781.66,1.79907,1.39171,1.40894,0.43133,0.34817,0.37904,0.16902,2.16722,1.59894,1.55016,0.0295759,0.0295759,0.0295759
18,1879.57,1.80528,1.40652,1.41547,0.51531,0.40409,0.46467,0.24284,1.82554,1.41574,1.41076,0.0295215,0.0295215,0.0295215
19,1978.45,1.77833,1.36537,1.39452,0.58426,0.4753,0.54454,0.31273,1.66837,1.28707,1.35339,0.029464,0.029464,0.029464
20,2090.94,1.78315,1.36633,1.4044,0.52376,0.49101,0.51269,0.27596,1.76287,1.27349,1.37262,0.0294032,0.0294032,0.0294032
21,2214.71,1.78135,1.36701,1.39633,0.50251,0.38642,0.42934,0.20775,2.05,1.57835,1.48235,0.0293393,0.0293393,0.0293393
22,2340.43,1.75769,1.33855,1.38722,0.52891,0.4607,0.50394,0.27111,1.7987,1.33202,1.37589,0.0292722,0.0292722,0.0292722
23,2463.71,1.77482,1.34411,1.38727,0.43099,0.39345,0.40976,0.16877,2.23066,1.53837,1.5924,0.0292019,0.0292019,0.0292019
24,2586.74,1.76384,1.34223,1.38634,0.57709,0.42309,0.50698,0.26061,1.88748,1.3414,1.4244,0.0291285,0.0291285,0.0291285
25,2712.83,1.76393,1.34007,1.38747,0.51991,0.46047,0.4955,0.25656,1.83282,1.329,1.40403,0.029052,0.029052,0.029052
26,2834.16,1.76272,1.33159,1.38293,0.50348,0.40419,0.44821,0.20217,1.98474,1.50744,1.46224,0.0289724,0.0289724,0.0289724
27,2956.36,1.74581,1.31236,1.37467,0.56724,0.49355,0.54471,0.31227,1.65933,1.22605,1.32259,0.0288897,0.0288897,0.0288897
28,3057.72,1.7383,1.30058,1.36938,0.52389,0.47308,0.50316,0.2371,1.96885,1.30676,1.45547,0.0288039,0.0288039,0.0288039
29,3155.74,1.73994,1.30195,1.37465,0.51785,0.43819,0.47523,0.20975,2.12475,1.35672,1.52162,0.0287152,0.0287152,0.0287152
30,3252.35,1.73286,1.29161,1.36522,0.57818,0.47114,0.53743,0.28402,1.76946,1.24941,1.367,0.0286234,0.0286234,0.0286234
31,3381.69,1.71649,1.28871,1.36266,0.56291,0.44707,0.51161,0.25086,1.953,1.32254,1.44486,0.0285286,0.0285286,0.0285286
32,3550.95,1.72489,1.27502,1.36273,0.4792,0.49736,0.49925,0.24222,1.91137,1.3082,1.4095,0.0284308,0.0284308,0.0284308
33,3648.15,1.73045,1.28003,1.36122,0.52654,0.5235,0.54027,0.29275,1.72334,1.21489,1.34427,0.0283301,0.0283301,0.0283301
34,3745.48,1.7186,1.27241,1.3588,0.48576,0.48603,0.50153,0.23523,1.99038,1.33017,1.46465,0.0282265,0.0282265,0.0282265
35,3841.16,1.70572,1.26357,1.35044,0.50945,0.50086,0.51491,0.24057,1.98324,1.27131,1.4728,0.02812,0.02812,0.02812
36,3939.29,1.71317,1.25679,1.35604,0.52706,0.47833,0.51506,0.24924,1.9673,1.2847,1.45612,0.0280106,0.0280106,0.0280106
37,4036.6,1.70855,1.2571,1.35309,0.53645,0.42612,0.48122,0.21983,2.09596,1.37471,1.51082,0.0278984,0.0278984,0.0278984
38,4135.24,1.71836,1.26049,1.3521,0.58323,0.48646,0.53956,0.2796,nan,nan,nan,0.0277834,0.0277834,0.0277834
39,4231.03,1.69511,1.25459,1.34745,0.53187,0.50502,0.5385,0.26353,1.93258,1.27709,1.44184,0.0276656,0.0276656,0.0276656
40,4328.37,1.68455,1.24285,1.34081,0.50986,0.54941,0.50539,0.26669,1.72366,1.35324,1.33339,0.027545,0.027545,0.027545
41,4423.01,1.69098,1.23405,1.34109,0.50986,0.54941,0.50539,0.26669,nan,nan,nan,0.0274217,0.0274217,0.0274217
42,4521.91,1.70372,1.24793,1.34808,0.552,0.53324,0.56261,0.30091,1.71677,1.18322,1.33845,0.0272957,0.0272957,0.0272957
43,4653.27,1.69254,1.23383,1.34273,0.552,0.53324,0.56261,0.30091,nan,nan,nan,0.0271671,0.0271671,0.0271671
44,4787.86,1.69396,1.23528,1.33858,0.56307,0.54192,0.56516,0.29219,1.7975,1.16916,1.35332,0.0270358,0.0270358,0.0270358
45,4887.38,1.68248,1.22415,1.33167,0.5497,0.52542,0.54622,0.29179,1.74135,1.17977,1.35156,0.0269019,0.0269019,0.0269019
46,4982.33,1.68411,1.22652,1.3338,0.5497,0.52542,0.54622,0.29179,nan,nan,nan,0.0267655,0.0267655,0.0267655
47,5077.42,1.68958,1.23474,1.33987,0.5497,0.52542,0.54622,0.29179,nan,nan,nan,0.0266265,0.0266265,0.0266265
48,5171.25,1.68645,1.22681,1.34107,0.5497,0.52542,0.54622,0.29179,nan,nan,nan,0.026485,0.026485,0.026485
49,5269.72,1.68961,1.21915,1.33767,0.59831,0.54392,0.58279,0.30751,1.75699,1.12979,1.34827,0.0263411,0.0263411,0.0263411
50,5364.49,1.67508,1.22212,1.3352,0.59831,0.54392,0.58279,0.30751,nan,nan,nan,0.0261947,0.0261947,0.0261947
51,5454.42,1.6624,1.19988,1.32049,0.59831,0.54392,0.58279,0.30751,nan,nan,nan,0.0260459,0.0260459,0.0260459
52,5531.21,1.6595,1.1991,1.3224,0.59831,0.54392,0.58279,0.30751,nan,nan,nan,0.0258948,0.0258948,0.0258948
53,5607.66,1.67922,1.20981,1.33173,0.59831,0.54392,0.58279,0.30751,nan,nan,nan,0.0257414,0.0257414,0.0257414
54,5686.91,1.66006,1.20224,1.32591,0.55876,0.46225,0.52913,0.30542,nan,nan,nan,0.0255857,0.0255857,0.0255857
